text,label,notes,,
"Yellowstone is super cringe. i've been trying to get into yellowstone and honestly i can't get past how everyone talks… every single character acts like they're the toughest human being to ever walk the earth. i've known some genuinely hard men in real life. guys who grew up rough, worked dangerous jobs, been through war, addiction, family tragedies, all kinds of stuff. not one of them talked like john dutton. real tough guys usually don't spend all day trying to sound tough. the weird part is that the show seems to think this is how real people act. it feels less like a drama and more like somebody's fantasy of what tough people are like.",hot_take,,,
I mean I'm an Emmy voter and it's got my vote.,reaction,short,,
"We'd only just finished watching Everyone Else Burns when we saw her again in Widows Bay. She's so completely different in those roles, definitely deserves an award. I'm hoping they get another season of Everyone Else Burns due to her success.",reaction,,,
This is a genuinely stupid question like I feel bad for every other woman in the category because that Emmy for Kate O'Flynn straight up belongs to her,hot_take,,,
"It's such an interesting tone in the show, and I love everything that Stephen Root does",reaction,short,,
"I feel the show has dulled down. 1 - 4 were great, particularly ep 4 was the best so far imo.",hot_take,,,
"I was pleasantly surprised at how funny this show was, I was expecting more horror, but was happy to laugh instead. It definitely still has scary moments but was overall more lighthearted than I expected.",reaction,,,
"With its current momentum I feel like it's guaranteed a nomination for outstanding comedy series, as well as acting noms for Matthew Rhys and Kate O'Flynn. To me Rhys is even the favorite for best actor",hot_take,,,
I still think the Genealogy scene was one of the funniest bits I've ever watched - and this is a psychological horror.,reaction,borderline hot_take — makes a claim about a specific scene but primarily expressing personal response,,
I watched the first episode yesterday and it was pretty great.,reaction,short,,
"The shotgun montage to Enya was brilliant, and really how any reasonable person would react to that lol",reaction,,,
Beginning was brilliant. The last episodes kinda fumbled a bit and lost a bit of punch but overall it was so fun and unique it's a quick recommend for me.,reaction,,,
"Man, I remember watching this show and superjail back to back, what a great time.",reaction,,,
"Until Inside Job, this was the only cartoon I ever got bummed over when it was cancelled.",reaction,,,
"They need to revive this show, it was too ahead of its time",hot_take,,,
I purchased the series for not too much on amazon. I still watch it every so often. I loved treegasm and the one where callie becomes a dude with a huge package and is voiced by h Jon benjamin. Mark has to hook up with aquatic dudes and he's super uncomfortable.,reaction,,,
I used to watch this. I can't remember what year it was or where I was in my life. This distresses me.,reaction,,,
Good episode but I can already tell the Nettles change will be bad.,hot_take,,,
The Agency on Paramount is a top 20 best show ever. It may move up the list. I already binged the entire season two and couldnt stop watching.,hot_take,,,
It's based on the french show The Bureau which is just as good,hot_take,,,
"Does the Agency end up having its own identity or distinguishing itself from The Bureau? Given the incredible talent involved, I was really excited for the English remake slash adaptation. But I was taken aback by how much of the Agency were literally scene by scene recreations, and even the casting seemed intent on being a facsimile of the French original.",analysis,borderline discussion — starts as question but body makes a specific craft observation about adaptation fidelity,,
"That show is a lot better, anyone that likes The Agency should watch it.",hot_take,,,
Too bad it's on Paramount. I won't give those bootlickers a nickel.,reaction,,,
"I'm 6 episodes into season 2. I am beyond impressed. I'm not putting it on any of the best of lists just yet but if it doesn't get cancelled and can keep up this quality, a top 20 or even higher isn't unlikely at all.",reaction,,,
"I Feel Like We Need To Be Less Precious About Adaptations. Yes sticking to the source material is important but books, comics etc are a different medium from TV and some stuff doesn't translate. One recent example that springs to mind is seeing people annoyed that the three Dragonseeds didn't fight at the Gullet in the latest episode of House Of The Dragon as in the book. But the sheer cost and logistical challenge of doing that sequence with six dragons would be crazy. Plus it would completely remove any tension since Seasmoke, Vermithor, and Silverwing are fully grown monsters and practically untouchable while Vermax and Moondancer are still young and vulnerable. Not to mention it would make the scene too crowded and pull focus from the POV characters. It's easy to write a few lines in a book saying this person was here when this thing happened, but actually visualising it and bringing it to life onscreen is entirely different. And to be honest, I think if you don't read the books first, you're better able to enjoy the adaptation for what it is. If an adaptation is genuinely poor in its execution, then criticising it for not following the source material makes sense. But going in expecting a page-for-page copy is just unrealistic.",analysis,,,
"Craig Ferguson was a genius that deserves more acclaim. Host of the Late Late show from 2005 to end of 2014, Craig at the time had a very niche fanbase. His humor was very unique. When he went off the air his dedicated fans quietly said goodbye. Fast forward a decade later from his departure, rewatching old episodes his humor has not aged and holds up to this day. Change my mind. Craig was an absolute genius and no one has ever been able to replicate his humor or touch what he created. It was fun while it lasted. Still miss him to this day and his awkward improv and dark sense of humor and think he should be remembered as one of the greats of late night along with Letterman and Carson.",hot_take,,,
"TV spinoffs as sequel series. After TV spinoffs that take place in parallel spacetime as their mother series we're now focusing on the ones who are sequel series. They can start where the original series left off like Joey with Friends, Frasier with Cheers, or so many Disney Channel/XD and Nickelodeon series such as The Suite Life on Deck with The Suite Life of Zack and Cody, Cory in the House with That's So Raven. They can also be set years after the original show ended such as Fuller House (2015-20) also set 20 years after the end of Full House (1987-95), Girl Meets World (2014-17) which began 14 years after the end of Boy Meets World (1993-2000). Can you give some other examples of sequel spinoff series?",discussion,borderline analysis — has specific data but primary purpose is soliciting more examples,,
What is your favorite series finale? My favorite is The Sopranos finale i know that the finale is a bit controversial but i love it and imo is a perfect finale for the series.,discussion,,,
Which children's show that came out after you grew up would you have watched if it came on when you were little?,discussion,,,
"I love Daisy Jones and The Six. Am I the only one who binge-watched Daisy Jones & The Six because I absolutely loved it? I didn't love the cheating storyline, it was uncomfortable and completely messed up, but honestly isn't that exactly what we the audience are supposed to feel? It puts us on an emotional rollercoaster forcing us to view the chaos from a third-person perspective then shifting to Daisy's point of view, Camila's, Billy's, and everyone else's. It was messy, toxic, and insane, but it did exactly what it needed to do. It exposed the raw behind-the-scenes reality and made the audience feel those same erratic emotions. And the entire cast is absolutely perfect. Camila especially is mesmerizing. The soundtrack is spectacular, I still have the songs on repeat.",reaction,,,
Love your work. Jeselnik recommended your special and said you are the only comedian who has jokes he wishes he thought of on his podcast. Been a huge fan ever since,reaction,,,
I quote your Sears joke pretty regularly here on Reddit. Which joke do you think is the most quotable from this special?,discussion,,,
She was in my memory Trump's very first target for televised vulgar insults and deriding.,hot_take,,,
"She played a hard boiled detective in a mini series starring Jon Bernthal back in 22, they should have def spun off her character to a new show.",hot_take,,,
She was doing Trump bad before it was cool.,hot_take,short,,
For a second I confused Rosie with Rosanne and was all why in the fuck would he pick her lol,reaction,,,
"So weird, growing up, Trump was a joke all over popular culture. A lot of my favorite shows took shots at him. He was a blowhard rich guy. It was either that or him making a guest appearance on a show where people had to clap because of the applause sign. Then he got The Apprentice and it was just another reality show I didn't watch but apparently got him a lot of fans. That show was the biggest boost for his image he's ever had and convinced America's dumber citizens hey maybe this Trump guy knows a thing or two about money and success. Real reason he probably got into the reality show game was because he lost so much money on a bunch of other bullshit endeavors.",analysis,makes specific argument about The Apprentice's role in Trump's public image,,
Trump fucking hates her! He'll be melting down nightly on his social network for as long as she has the guest gig.,reaction,,,
"I am a 41 year old straight white male who used to watch The Rosie O'Donnell Show most days after getting home from school so I am fucking HERE for this, Rosie is a boss",reaction,,,
I would not be surprised if she'll be better than people in here expect and be trending at one point for something sharp she said or did.,hot_take,,,
"At first I was like No I hate her, but then I remembered who else hates her and more than I do - Trump. Jimmy is doing this to troll Trump, big time, and it should be interesting. Trump will definitely be up all night posting on Truth Social while on the toilet with his pants around his ankles whenever she hosts.",reaction,,,
I admire their attempt to make sure Trump has no time to fuck anything else up. The constant social media posting will keep him distracted.,hot_take,,,
"Modern Tv Shows that has huge older or middle age people audience? As we know that many tv shows often skew younger or people over 30, but what modern TV show you think has really huge older demographic and middle age people? For example i think shows like Downtown Abbey, Yellowstone, Kominsky Method, Crown, Grace and Frankie, Gilded Age are those shows that has older audience. So TV Shows lovers here what modern shows do you think has huge popularity among middle age and older audiences?",discussion,,,
"The average age of a tv viewer is 50, so it's basically all of them.",hot_take,short,,
Just look at the broadcast schedules. They are full of shows you've never heard of that are watched almost exclusively by older people. You know there have been three 9-1-1 series?,hot_take,,,
NCIS. I'm 56 and I might be the youngest viewer.,hot_take,short — humorous bold claim,,
"My boomer mom started watching NCIS when it first aired (incidentally she was the same age as Mark Harmon). She passed away a couple of years ago, still happily tuning in once a week. I think about her when I see NCIS mentioned anywhere, and think about how she never got to see how it ended. RIP Mom.",reaction,,,
We introduced my MIL to Reacher and The Diplomat. She was so excited about season 2 of both. She died right before both aired. I think of her when we watch the new seasons and how much she would have enjoyed them.,reaction,,,
CBS was notably the old people channel for at least 20+ years. Though Fox News probably is older.,hot_take,,,
"Anything that airs on PBS Masterpiece. So shows like All Creatures Great and Small, Grantchester, Miss Scarlett, etc",hot_take,,,
"Is there anyone watching any network broadcast TV show who isn't like 60+? I'm near that demographic now and I can't remember the last time I watched a show on NBC, CBS, ABC, or Fox. I have watched Penn and Teller on CW but I imagine that show skews pretty old too.",hot_take,,,
Coronation Street. It's incredibly popular with the over-80 crowd in the same way that Teletubbies fascinates toddlers. There is a reason it has been on the air for 65 years.,hot_take,,,
Your Friends and Neighbors has older actors and has their characters experiencing physical problems that go with aging and existential crises that go with getting all you want and wondering if that's really all there is. It's not surprising that most of Reddit hates this show.,hot_take,borderline analysis — gives craft reasoning but conclusion is asserted without tracing specific episodes,,
Presumably any show with commercials for the AARP.,hot_take,short,,
that.. was awfully fast being cancelled.,reaction,short,,
That's such a shame. I'd love to have another Stargate series.,reaction,short,,
Stargate is the best MGM IP. Why even bother buying MGM without using the Stargate IP?,hot_take,,,
Stupid amazon never learns. Canceled because it might give the core fans what they want.,hot_take,,,
"I struggle to finish TV series because ending them feels like losing them. I've noticed I have this weird problem with TV shows that I really love. When I get really attached to a show and its characters, I sometimes don't want to finish it. It feels like once I watch the last episode that's it. The story is over and the characters are just gone and eventually it'll just become another show I watched. For some reason if I leave the last episode unwatched the show stays in my mind for much longer. I keep thinking about the characters and what might happen next. It feels like it's still there. The problem is that sometimes I leave it for too long. There was a show I absolutely loved back in 2016 and I still haven't watched the last episode. Back then I was really emotionally invested in it but now almost 10 years later I'm not nearly as interested. If I had watched that last episode back then it probably would've meant a lot to me. Now it probably wouldn't hit the same.",reaction,,,
The solution is to watch shows you don't like so you can get it dead and buried by watching the finale.,hot_take,,,
Not finishing is also ending them though,hot_take,short,,
"Oh that's me. My excuse is that I've endured several relatively brutal and sudden changes in my life - unexpected deaths of loved ones, job losses, friendships going away, etc. and I struggle with anxiety over stuff ending. Way too often I can't watch final episodes of beloved TV shows and I get comfort from the head-canon fact that the folks in the show continue on. I probably should get therapy...",reaction,,,
I've done this for many many shows and have yet to finish a lot of my favourite shows. I genuinely thought I was the only one who did this hahaha good to know I'm not alone!,reaction,,,
While Superman was inspired by Dragon Ball Z Lantern is inspired by a very different part of the same Toonami block. It'll be really clear once we start dropping promos what part of the Toonami block inspired our Green Lantern show. We're not subtle people. Hmm... Any guesses? I'm probably biased since I just came off a binge of Team Four Star's Sailor Moon Abridged Dub and My Adventures with Superman does nod towards that genre.,discussion,,,
Till this day I still hate Netflix for canceling Lockwood and Co. Seriously it's been a few years so far and I am still PISSED off about it. It was such a great show! The closest thing I can get to a new Harry Potter series without it needing to dumb itself down with a strong plot and dark setting. The show was gonna be a sleeper hit but they pulled the plug on it way too early. And they left it off on the biggest cliffhanger ever. Netflix will either butcher shows by forcing their show creators to make more seasons or they cancel the show after like the first season. I felt Lockwood and Co needed that second season to catch traction. Because word of mouth wasn't there for Lockwood yet. And once the show got cancelled nobody was invested in watching the first season. Sucks.,reaction,,,
I'm still mad because they cancelled 1899 and Archive 81,reaction,short,,
The issue becomes a self fulfilling prophecy. I don't want to start a new series with an intriguing prospect until I've seen reviews tell me it is good and it gets renewed for a second season. Netflix assumes that means I'm not interested in season 1 and cancels it.,analysis,strong analysis — clearly articulates a systemic logic with cause and effect,,
I never even heard of it until after it had been cancelled. Fantastic show and Netflix dropped the ball on promoting it. At least the books exist and are a solid read.,hot_take,,,
It at least got a few seasons but add Santa Clarita Diet to the list of fallen soldiers. It's criminal they ended it on the cliffhanger they did. And omg Timothy Olyphant.,reaction,,,
You can blame the creator for that not Netflix. He's the one who intentionally added the cliffhanger to try to force Netflix's hand despite knowing they were likely going to get canceled.,hot_take,,,
I read the books when they came out and was so excited to watch it all! Netflix cancelling it was a travesty.,reaction,,,
"I started watching Lockwood and Co late because I'd never heard of it but then Netflix recommended it to me as one of its highest rated shows. I got invested, googled, and found they'd already cancelled it when they recommended it to me. Respectfully Netflix what the fuck.",reaction,,,
For me it was Warrior Nun. I'm so glad we managed to get a brilliant season 2 but it was DOA - dumped between The Crown season 5 and the first season of Wednesday with literally zero marketing. We were lucky it wasn't sacrificed for a tax break.,analysis,borderline hot_take — makes a specific claim about marketing timing with named competing shows as evidence,,
The worst part if I'm remembering correctly is that they cancelled it to make room for Dead Boy Detectives because that was a spinoff of Sandman which had been doing so well and then they cancelled DBD for low ratings and because Gaiman was outed as a supercreep.,hot_take,,,
"There is a phrase which comes from Star Trek TNG - the show grew a beard. It refers to Riker growing a beard for season 3 but is used as a metaphor for when the show grew into itself - it took a while to work out what it could be before it could become. Many shows which are now massive hits would not have got through this stage if Netflix was in charge. In the UK shows like Top Gear, Blackadder, Red Dwarf and others would not have carried on past the first season or two unless someone who saw potential gave them a chance to grow. The metrics are unforgiving and have no judgement. Netflix needs to put back in an experienced human into the cycle to let shows with potential carry on even if season 1 is only so-so.",analysis,strong analysis — uses Star Trek TNG metaphor and cites specific UK shows as evidence for argument about Netflix metrics,,
"I watched the first 2 episodes, it was nothing special",hot_take,short,,
I get what you're saying here but I think the issue even for Apple would be that there is no data to suggest that any of these would actually flourish with a S2 commitment. We always see a lot of threads and even articles about Netflix cancellations but it's not like they are cancelling things for no reason. Their data undoubtedly shows that not enough people are watching these shows so they cancel them. In some instances Netflix has played the saviour of shows like Girls5eva (NBC/Peacock) and The Killing (AMC). Not enough people watched Girls5eva so it only got one additional season. The Killing was more popular and had a couple of seasons on Netflix with definitive ending. Sure it definitely sucks but this isn't exactly new in the realm of TV.,analysis,strong analysis — counter-argument citing specific shows (Girls5eva, The Killing) with specific outcomes as evidence,
As I've gotten older I do not react as reflexively as some when a show I like is cancelled. I am so used to it after many decades that my tastes don't align a lot of the time with the general public. But yes I too was a bit stunned when the show was cancelled. There was a core intelligence to it bending familiar tropes in new ways. And the lead actors were so well cast so right for the parts no nonsense none of the cutie pie sort of casting that gets wearying. Let's face it the show had charm that so many do not. But I guess Netflix audiences did not cotton to it in the end.,hot_take,borderline analysis — makes craft observations (tropes, casting) but without specific episode citations,
"I would sell a kidney to get Lockwood and Co. back… such a smart, fun show.",reaction,,,
Fox cancelled Firefly. Fuck Fox.,reaction,short,,
"Not really, you can feel that way but when you look at the actual numbers they literally cancel shows at the same rate as the other platforms, its just that Netflix also greenlits way more shows than the other platforms.",analysis,data-based counter-argument comparing Netflix cancellation rate across platforms,,
Is there a character or performance that feels like everyone but you enjoys? Currently re-watching The Good Place & Maya Rudolph as The Judge is a character that I think sticks out like a sore thumb. Even though the show has many outlandish moments her performance is just so big & broad. It's like she's playing to the back of the auditorium. Obviously she's an award winning performer & she's doing exactly what was requested of her. I just find her character to be a bit of a drag on what's an overall almost perfect series. I don't think I've ever seen any criticism for it. Is there a performance that hits similarly for you?,discussion,,,
Everyone was losing it over how good Jennifer Cooledge was in The White Lotus. It was literally the exact same breathy dimwitted bimbo schtick shes done in literally everything her entire career.,hot_take,,,
"Gina on Brooklyn Nine Nine, so many people I know like her character but holy shit is she like nails on a chalkboard",hot_take,short,,
Characters like that can often be a black hole in the script. Like everyone pauses for them to say something funny or edgy and then everyone resumes without acknowledging it.,analysis,structural observation about how disruptive characters function in scripts,,
"Kit Harrington as Jon Snow. The writing definitely isn't doing him many favors, but he's just not a very good actor.",hot_take,,,
Andrew Scott as Moriarty on Sherlock. All i hear is praise. I hate the performance. He felt so over the top and cartoon. Scenery chewing.,hot_take,,,
"I would agree with you on Maya Rudolph on The Good Place. My acclaimed performance I hate pick would be Hugh Jackman in Les Miserables. Everybody always knocks poor Russell Crowe for a weak singing voice, but for me Hugh Jackman is so much worse -- he overacts, he oversings, he's vocally utterly miscast (he's a baritone straining for a lyric tenor range), and the job he does belting Bring Him Home is a crime against musical theatre. By comparison, Russell Crowe as Javert is beautifully cast in terms of acting and looking the character -- he's subtle and restrained and true to the character, and his singing voice, while not fabulous, is serviceable, especially considering he was forced to film live. And while we're on the subject, director Tom Hooper's decision to have the cast record the music live was so unfair to the performers -- almost everyone on the film shredded their vocal cords. The people who suffer most from this are Jackman, Crowe, Seyfried, and Bonham Carter.",analysis,detailed comparative argument with vocal range analysis and specific director decision cited,,
Can't stand Rick. Can't stand Morty. So I don't watch that show lol. Oh and Ensign Burke in season 3 of The Orville. She was/is dating Seth MacFarlane so she became the main character for the season... She was given lines that were for other characters to give her more screen time and she was horribly written on top of it,hot_take,,,
"i kinda get this, because i was not really a fan of the content i'd seen from her outside of the show before i watched it. sometimes it feels like she's on a different show because she's the least grounded character and so tonally different from others. i also think she's probably not very funny at all to older viewers who aren't familiar with this kind of internet brained humour. i kinda grew to enjoy her though, she's so ridiculous that i can't help but love her, and imo a lot of the writing for kayla misses more than it hits but when it does it's hilarious to me. i can't stop thinking about her going 'ha, i KNOW this b*tch didn't just say webster hall' from s5e2. she nailed that delivery",analysis,cites specific episode (s5e2) and makes tonal analysis about character grounding vs rest of cast,,
"It was an over the top performance that worked for one season. At this point his way of speaking is less barely restrained hostility and more how did a guy who reads as having a mental disorder get elected mayor? And before someone says it yeah, I know, Trump. But as the saying goes fiction, unlike reality, has the burden of needing to feel believable.",analysis,argues Kingpin performance degraded across seasons using believability as analytical frame,,
"Ted Lasso. Dull, bland, unambitious, not funny.",hot_take,short,,
"Does Apple TV already have more classic TV shows (or shows that will be remembered) than Netflix? Looking at the list of best shows on both services, I honestly think Apple TV seems to have more high quality shows that will be remembered in 20 years compared to Netflix. What do you think?",discussion,,,
i think you underestimate how dominant early Netflix was especially internationally. Apple TV is hitting their stride but i don't think it's even a comparison just yet. this is from the perspective of a non-American though. Apple TV shows really haven't broken the American barrier yet whereas Netflix did it a long time ago,analysis,makes specific international market penetration argument as dimension of comparison,,
"20 years is a big number and I think we'd be gambling to say it about any Apple shows too. Netflix has great shows: Dark, The Haunting of Hill House, Unbelievable, The Queen's Gambit, Bojack Horseman, Blue Eye Samurai, Arcane, Black Mirror, Inside, Cyberpunk Edgerunners, Maid, Cunk on Earth. These are all just shows I've watched, not even all the top rated ones.",analysis,counter-argument with specific named Netflix shows as evidence against OP's premise,,
"The general public will have forgotten most shows in 20 years. Lost has been done for 16 years and it doesn't really get much talk outside of the people that watched it week-to-week. Just looking at now, Netflix still has more shows I've really enjoyed compared to Apple, but Apple's has been great in its short existence. I don't think either network has a 'classic for the ages' type show.",analysis,uses Lost as historical precedent to reframe the 20-year memory claim; draws conclusion about both platforms,,
"Well, there's quality shows, and popular shows. It all depends. Like Apple has a huge roster of really good programming, but a sizeable amount of those shows don't have a massive audience. I'd say Severance and Ted Lasso are likely the biggest shows in terms of mass popularity for Apple. Stranger Things, Bridgerton, Wednesday, Squid Game are among the ones Netflix has, one of them being one of the biggest things like ever for a time.",analysis,distinguishes quality vs cultural impact as separate dimensions; names specific shows for each,,
"their shows are good but they have very poor marketing, most of their good shows end up being unrecognized. it also doesn't help that apple tv isn't globally available yet which is weird on apple's part unlike netflix. so in 20 years if apple puts more money on marketing and have a global rollout they could be miles better than netflix.",analysis,argues marketing and global availability are the key variables determining long-term cultural impact,,
"Not even close. Severance and Ted Lasso are probably the only 2 that are certified memorable classics whether through quality and or cultural impact. One tier down you have shows where the jury is still out because they're still just 1 season or still haven't made a big enough mark after X seasons, e.g. Slow Horses, For All Mankind, The Studio, Pluribus, etc. Netflix off the top of my head I couldn't even count how many they have whether I personally like them or not: Bojack Horseman, Squid Game, Stranger Things, Arcane, Wednesday, House of Cards, Black Mirror, Orange Is The New Black, The Crown, Mindhunter, Bridgerton, Beef, etc.",analysis,tiered framework distinguishing certified classics from jury-out shows; names specific shows for both platforms,,
Apple are willing to commit to a series that has a rough start. Makes a huge difference. Seinfeld or breaking bad would have been cancelled after the first season.,analysis,cites Seinfeld and Breaking Bad as specific historical evidence for commitment argument,,
Neither are the best. Hbo max is the best imo. Apple is pretty solid. But they have a serious problem of thinking subverting expectations is the key to prestige. Ill enjoy a show but by the end of season 1 or start of season 2 their shows tend to evolve into something radically different. And not always in a good way. In general they have a lot of what I refer to as IFC bait. It's all kind of pidgeonholed into series for a very specific demographic.,analysis,makes specific structural critique of Apple's narrative approach and audience targeting,,
"To each their own, but when it comes to streaming services I prioritize AppleTV -> Prime Video -> HBOMax -> Hulu -> Disney+ -> Netflix -> Peacock. I've never owned a single Apple device. But a large number of my favorite shows are Apple originals. I can't think of any Netflix originals I am waiting for now that Stranger Things is over. On the other hand, Netflix knocks it out of the park with their original movies, while AppleTV films are decidedly mid at best IMO",analysis,distinguishes TV vs film quality as separate dimensions; cites Stranger Things as specific example,,
Netflix's volume hurts it because I automatically think everything on that site is trash,hot_take,short,,
Netflix is literally throwing shit to the wall and sees what sticks.,hot_take,short,,
I haven't been let down by anything I've watched on Apple so far. Even their few cancelled shows have been very good. Netflix I have many unfinished shows/movies.,reaction,,,
"The loss of David Lynch still hurts. But I think we are truly blessed that we got this series. Lynch is a master at defying expectations and I remember each episode having stuff that just astounded us. Harry Dean Stanton, Naomi Watts, Laura Dern, Tom Sizemore and so many others showed up in this. Lynch has such a gift of giving each character a memorable scene. Not a big fan of the ending though. For me TP: FWWM is the true ending of Laura.",reaction,,,
I hated and loved The Return in equal amounts and I think that was the point,reaction,short,,
"For me it was an 18 hour show with 10 hours of really good TV. I'm glad I saw it for the high highs, but I'll probably never re-watch it.",hot_take,,,
"On rewatch it became one of my all time favorite seasons of television. One of the main problems with it was that on first watch most fans were waiting to see characters come back. Especially Cooper. When you rewatch all of that expectation goes away and you can kind of just settle into what Lynch is doing with it. It might be the only show I've ever seen that so strongly follows one singular voice, and completely ignores audience expectations or desires.",analysis,explains first-watch vs rewatch experience as a structural argument about fan expectation vs authorial intent,,
The complete WTF of episode 8 will be one of the all time tv highlights for me. I doubt we'll see anything like that again.,hot_take,,,
Felt like Lynch's definitive final word on 'It's a new morning in America' and Reagan ideals. Cooper ignores reality in pursuit of the impossible and causes all sorts of collateral damage in his wake.,analysis,interprets Cooper's arc as political allegory for Reagan-era idealism,,
I always forget Nine Inch Nails close out that episode,reaction,short,,
I just wish it was coherent.,hot_take,short,,
"That comment sounds art house accurate, but if you paid attention to THE RETURN it spent a lot of time explaining what had happened in the previous series. Where the giant had come from, how Bob's people came to be, and what happened to Cooper. So actually that comment doesn't apply. FWWM was also explaining a lot of backstory. So it's a given that Lynch explains things when he feels like it.",analysis,counter-argument citing specific plot elements The Return explained (giant origin, Bob's people, Cooper's fate) and FWWM as further evidence
I loved the ending. Nothing more Lynchian than Cooper trying to achieve the perfect happy ending and it leading to even more confusion.,hot_take,,,
"Finished The Wire, Dark, GOT, Sopranos, True Detective, BB, BCS. What show ruined TV for you after watching it? I think I accidentally watched the peak of television already. The Wire, Dark, GOT, Sopranos, True Detective S1 all left that 'nothing else hits the same' feeling. I love slow-burn shows with deep characters, mystery, tension, moral grayness, crazy dialogue, or mind-blowing writing. What's the next show that might completely consume me?",discussion,,,
"I loved every show on this list but I just can't understand how it applies to The Wire. I've tried getting into it 3 separate times in different stages of my life, and it loses me each time. First time I got to episode 3. The second time episode 5. The most recent time I got halfway through 7 and had to stop. Please, someone in here, tell me what I'm missing or how I can get into the show? Why don't I love it even 2% as much as any others on this list? Why is it a chore to watch?",discussion,asking community for help engaging with a show,,
"In your opinion, what is the most underrated or under appreciated TV series of all time?",discussion,,,
What is a TV show that you've seen at least 3 times?,discussion,,,
What's the best TV show that almost nobody talks about anymore?,discussion,,,
What TV show do you think genuinely got better as it went on instead of declining?,discussion,,,
What's a short-lived television show you're surprised people still talk about?,discussion,,,
Favorite show of the year so far?,discussion,,,
"Better Call Saul was such a rewarding experience, in that it forces you to put the pieces together instead of relying on flashbacks; a character will be contemplating their next move, then their whole demeanor will change after seeing a cockroach scuttling across a nearby pipe. If you've paid attention, you'll realize what connection the character's just made, and infer where they're likely heading next. All of this is conveyed without clumsy flashbacks or Netflix-style second screen dialogue, told purely through facial expressions, body language, and cinematography.",analysis,cites specific scene (cockroach) to argue BCS communicates through visual storytelling rather than exposition,,
"The wire. When the main character is the city and then you show how every facet of life interacts with the city. It changes how you see everything else in every other show. I can't watch cop shows anymore, I can't watch shows about regular people because I question everything. What's the school system like? What's the political landscape? How do those affect how the police do their jobs? How do the criminals react to the police doing their job? No other show has ever shown all the pieces and been able to stay true and gritty",analysis,argues The Wire's structural innovation (city as protagonist) changes how you evaluate all other TV,,
"I firmly believe that S1 got Matthew McConaughey the Oscar the next year. Of course it wasn't eligible, but it showed everyone that he had insane chops, so they knew a good film performance wasn't a fluke.",analysis,makes specific causal argument about TD S1's effect on McConaughey's career trajectory,,
The attention to details and the respect for real physics really highlights how many sci fi shows could put in some more effort. Plus it's just a solid story with some great characters,analysis,argues The Expanse's physics realism exposes a craft gap in other sci-fi shows,,
What was the best crossover between two TV shows?,discussion,,,
What's the best 3rd Season of a TV Show?,discussion,,,
"In your opinion, what's a spin off show that you think is better than the original series?",discussion,,,
"Be honest, who's the best written character in all of television?",discussion,,,
What's a TV show that kept getting better with each season?,discussion,,,
Which spinoff show was the most successful?,discussion,,,
TV Shows where a lot of cast changes actually works?,discussion,,,
What are some of the strangest and most bizarre TV spin-offs? Either pitched or fully produced.,discussion,,,
What's the best animated show that you've ever watched?,discussion,,,
Mystery-driven shows with the most satisfying finales?,discussion,,,
The Greatest Episodes of TV of all time,discussion,,,
The Sarah Jane Adventures and Torchwood crossing over via Doctor Who. I know it's three shows technically but I always love that the Doctor Who universe enabled a show made for kids to exist in the same space as a show where the second episode was a alien gas that possessed people and consumed others by making them orgasm.,analysis,notes tonal contrast between child-oriented Sarah Jane and adult Torchwood enabled by shared Doctor Who universe,,
The one that never happened. Picket Fences and The X-Files. They ran back to back back in the day but on opposite Networks. They wrote a two-part episode that started in one and ended in the other. Both networks had a fit and the crossover was canceled. Both episodes were changed to be self-contained on their respective shows. If you watch the episodes together you can see where they would have crossed over.,analysis,documents a specific failed crossover with verifiable historical details about network conflict,,
"Should streamers do more to promote smaller shows instead of relying on fans? Fans can definitely help... But the survival of a show should not depend on fans constantly posting, streaming, tagging, and trying to convince people to give it a chance. At a certain point, that should be the job of the platform or studio. What do you think?",discussion,OP discussion post asking community opinion on streamer promotion responsibility,,
"If a show has an audience of 12,000 people naturally, compared to a show with a natural audience of 36,000 people, it might make more sense for the company to build the audience of the bigger show... Streamers don't typically care if they have to cancel a show, they know that not every single show can be a major audience hit. The reality is that added additional advertising can cost them more money may make those smaller shows even less attractive because they require more resources to support.",analysis,structured business logic argument about platform marketing ROI and audience-size tradeoffs; numbers explicitly hypothetical but reasoning is structured,,
Dan Povenmire did that with Phineas and Ferb: Candace against the universe and with the revival. Disney barely did any marketing. It helped a lot. His daughters got him into tik tok and he still sometimes promotes his shows.,analysis,specific verifiable example: Dan Povenmire self-promoting Phineas and Ferb Candace Against the Universe on TikTok due to Disney's minimal marketing,,
"Leaving the fate of non-IP shows up to the algorithm, fan word of mouth, and God is a recipe for failure nine times out of ten... shows become more expensive when they hit a third season. From the outside, it comes off as streamers willing to sandbag anything that's not going to reach 11 bajillion minutes in its first weekend; they save the marketing money today and don't have to renegotiate cast contracts down the road.",analysis,structured argument citing known industry practice: S3 costs rise due to cast contract renegotiations as motive for undermarketing smaller shows,,
No. Traditional marketing is a double edged sword it's expensive so you could be spending lots of money to grow a show while also raising the bar to what makes it a success... Small shows get their chance on release to catch people's eye and that's historically been enough.,hot_take,argues against additional promotion with reasoning but no specific show data; asserts historical norm without evidence,,
"platforms definitely need to step up more, it's wild how they'll spend millions on a show then barely market it while expecting fans to do all the heavy lifting... fans shouldn't have to become unpaid marketing teams just to keep something alive",reaction,emotional agreement with OP; frustration-driven with no evidence or analysis,,
Can you name a show where the network relied entirely on fans to do the heavy lifting of promoting the show?,reaction,skeptical rhetorical challenge rather than genuine discussion prompt; pushback without argument,,
What streaming services do you subscribe to currently and how much does it cost?,discussion,r/television sidebar post - open community question about subscription habits,,
What if anything do you miss about television in the days before streaming platforms?,discussion,r/television sidebar post - nostalgic open-ended community discussion prompt,,
Anyone else a bit over how stupid TV treats the viewer now.,hot_take,r/television sidebar post - bold assertion about TV condescending to viewers with no specific evidence,,
I can't seem to enjoy shows anymore,reaction,r/television sidebar post - personal emotional expression of changed viewing experience,,
"The lady who voices Marge Simpson is 75. Kenny is 63, so potentially he can pump another decade out if he remains healthy.",analysis,named comparison between Julie Kavner (Marge Simpson VA age 75) and Tom Kenny (SpongeBob VA age 63) to argue longevity is plausible,,
I remember Nickelodeon hyping up the primetime premiere of Spongebob's House Party during the Summer of 2002. It was part of Nicktoons Summer Beach House (2002-2003) where they created special segments of various Nickelodeon characters interacting with each other. They did something similar with Nickmas which had NickToons Characters parodying classic Christmas Specials. I miss when Nickelodeon used to treat their animated characters like royalty before the Snyder/Kidcom Era.,analysis,structured nostalgic argument citing specific verifiable programming blocks: Spongebob's House Party (2002) Nicktoons Summer Beach House Nickmas and the Snyder/Kidcom Era,,
Its less that Nick has fallen from grace and more that cable tv is now a feeder for streaming. Nicks gonna make spongebob because spongebob sells ads and sells paramount plus. Same with Cartoon Network and Teen Titans Go or Adult Swim and Rick and Morty. Toonami might be the only exception. Just look at how rerun heavy the schedule of cable channels now are.,analysis,structured cable ecosystem argument with specific named examples: Paramount+ Cartoon Network Teen Titans Go Adult Swim Rick and Morty Toonami,,
The Patrick Star Show is actually very creative. The second season is much better bc they made it storyboard driven instead of writing scripts. Its also one of the few cartoons that lets animators make a cartoon. Most other cartoons are trying to be live action with less cartoony stuff.,analysis,specific production claim: S2 shift from script-driven to storyboard-driven production; contrasts with broader industry trend toward live-action-adjacent style,,
Its honestly depressing that 15 years later the CN renaissance trio of Regular Show Gumball and Adventure Time all have their own reboots coming out within the same year. This generation is getting the past's reheated lunches because executives have become so risk averse.,analysis,names three specific CN renaissance shows (Regular Show Gumball Adventure Time) all simultaneously getting reboots as evidence for executive risk-aversion thesis,,
When Season 10 introduced the wacky faces and completely deviated from the original style of humor which even the Paul Tibbitt era retained I gave up on it completely. I still think there was good in Seasons 4-9 despite being a downgrade from 1-3. If you cherry pick certain episodes from those seasons you won't go wrong.,analysis,detailed quality analysis with specific season breakdowns (1-3 vs 4-9 vs 10+) and named stylistic change at S10; also references Paul Tibbitt era,,
Man almost 30 years and Nick has fallen so far from grace.,hot_take,bold dismissive claim about Nickelodeon's decline with no specific evidence,,
Spongebob hasn't been good since season 5 before the original movie came out. Sigh.,hot_take,"asserts quality cutoff at season 5 without analysis; ""Sigh"" signals emotional rather than argued position",,
I would be less surprised if Disney cancels The Simpsons than if Nickelodeon cancels SpongeBob.,hot_take,bold comparative claim about two long-running animated franchises without supporting evidence,,
Tom Kenny's voice has already been showing its age for the last couple of years. I'm surprised he still has the stamina for spongebob honestly.,reaction,personal observation about vocal aging; expresses surprise without structured argument,,
I love a lot of the modern episodes of SpongeBob. My favorite seasons are 3 4 5 11 and 15. I think the Patrick Show is alright. It took awhile to grow on me and it got better as it went. Super Stars won me over. That episode is freaking hilarious.,reaction,personal preferences expressed across modern seasons; mentions specific episode Super Stars but primarily feeling-based,,
I don't care if these shows keep getting shoveled out but I just wish Avatar was given half the amount of love SpongeBob gets from these executives.,reaction,expresses frustration and longing for Avatar to receive similar treatment; emotional rather than analytical,,
Im 37 years old. Get rid of the damn show and make something original for people that watch this stuff.,reaction,age-anchored frustrated demand; purely emotional with no structured argument,,
Im now in my late 30s and was 11 when spongebob aired. What a different network and different America from that season 1 episode 1 premiere of Blowing Bubbles/Joining the Krabby Patty that I watched live on Nick all those years ago.,reaction,nostalgic personal recollection anchored to first episode; primarily emotional-reflective,,
Most underrated TV shows of the last decade,discussion,sidebar discussion post - open community prompt inviting recommendations,,
Name a show with the great first season that never got renewed,discussion,sidebar discussion post - open community prompt for one-season cancelled shows,,
What are some top tier TV shows in the past 25 years that consistently get pushed to the side because of the heavy hitters?,discussion,sidebar discussion post - community prompt about underappreciated prestige TV,,
Favorite TV shows that only lasted one season,discussion,sidebar discussion post - community invitation to share personal favorites,,
My Favorite Underrated TV shows. What are yours?,discussion,sidebar discussion post - OP shares list and invites community to reciprocate,,
Is there a show that limped to the finish line you haven't seen discussed much? American Housewife (2016) was a refreshing sitcom when it first started airing... Julia Butters left after breaking out with Once Upon a Time in Hollywood. Carly Hughes walked away citing harassment and a toxic working environment. Ali Wong only appeared in a brief scene per episode via FaceTime. Franklin began to take over the series heading towards the end in a way that almost echoed Urkel.,discussion,OP discussion prompt seeded with detailed American Housewife example; invites community to share their own shows,,
The Goldbergs was really interesting until they ran out of IRL Adam's home movies to base episodes off. I punched out on the last season or two.,analysis,identifies specific production mechanism (real home movie footage as episode basis) as cause of quality decline; verifiable production detail,,
I agree about the later seasons. The first few seasons were so good too. Reminded me an 80s version of The Wonder Years with its narration.,analysis,named comparison to The Wonder Years with specific structural reason: narration format and shared nostalgic era setting,,
I lost count of how many times Pope did something that 100% should have gotten him executed by the other main characters only for him to be forgiven and kept around so he could inevitably do it all again 2-3 episodes later.,analysis,describes specific named character (Pope) cyclical narrative pattern in Falling Skies as structural evidence of writing deterioration,,
Under The Dome had a great first season and should have ended then. Instead they renewed it for two more seasons and it devolved into a confusing mess.,analysis,references Under the Dome with specific S1 vs S2-3 quality distinction; argues it should have been a limited single season,,
The Drew Carey Show. It went from a perfectly average sitcom to something offbeat and surreal then just seemed to be waiting for the hourglass to run out by the last few seasons. It didn't even have a clever opening sequence by the end and that was such a huge part of the show.,analysis,traces three-stage quality arc of The Drew Carey Show; cites loss of opening sequence as specific measurable indicator of declining production investment,,
Between The Lions was a huge show that lost its funding. Mississippi Public Broadcast gave it enough funding for 6 more seasons but several things had to be cut. This resulted in several years of a lesser version airing.,analysis,specific verifiable production history: Mississippi Public Broadcast as funder enabling 6-season extension with budget constraints,,
Castle. The show started to limp once the will-they-won't-they tension got resolved... the two lead actors apparently near the end hated each other and a lot of scenes had to be written around that so they weren't in the same physical space together much.,analysis,identifies two verifiable causes of Castle's decline: narrative (tension resolution) and production (Stana Katic/Nathan Fillion reported feud requiring rewritten scenes),,
I agree the last 2 seasons were a step downwards but idk about limping to the finish line. Its not like say Westworld where everyone involved seemed to be checking out by the final season.,analysis,distinguishes degree of decline between The Boys and Westworld as named comparison; argues Westworld is a more extreme example of the phenomenon,,
Definitely community in every sense except the writing. Lost Chevy Chase because he's an asshole Donald Glover left for his career Yvette Nicole-Brown left I think to take care of her dad all while the show's episode order and budget was cut down. The show would have been canceled if not for Yahoo TV which eked out I think two seasons.,analysis,detailed Community behind-the-scenes account with named verifiable cast departures (Chevy Chase Donald Glover Yvette Nicole Brown) and Yahoo TV rescue,,
I have a memory of the Adam actor taking himself a little too seriously in the later seasons. I think he was a little jelly of all the attention Tony Gentile was getting but even towards the end Barry was a parody of himself. Adam F. was/is a solid television producer. looks like he's got a doc on the Police Academy movies coming out soon.,analysis,references Adam F. Goldberg (verifiable producer) Tony Gentile (verifiable actor) and Police Academy documentary; argues cast jealousy dynamics contributed to Barry's flanderization,,
The 100. That final season wasn't just bad it seemed to be deliberately written as a fuck you to its most loyal viewers.,reaction,strong emotional judgment about The 100 final season; claims intentional betrayal without structural evidence,,
Once I noticed Barry became completely Flanderized and wore that same jersey every episode it was definitely over. Also that mini version of Bev running around put me off too.,reaction,personal put-off moment in The Goldbergs; observation-driven without structured argument; primarily feeling-based,,
Last season of Search Party felt like they just had one more season left on their contract and decided to make it intentionally as absurd as possible just to get it over with.,reaction,personal impression about Search Party final season motivation; speculative feeling-based interpretation,,
While it has been discussed A LOT The Boys used to be so awesome and fantastic and hilarious it totally limped to the finish line. Left a lot of fans disappointed and furious.,reaction,emotional expression of disappointment about The Boys final seasons; enthusiasm language signals feeling-based rather than argued position,,
What's a TV show you started with low expectations that completely blew you away?,discussion,r/television sidebar post - open community prompt inviting positive surprise recommendations,,
What are your top 3 most underrated series/mini series?,discussion,r/television sidebar post - community prompt for underrated show picks,,
What's a show that's genuinely hard to recommend to people because it has some pretty major flaws but you think is worth the time if people can look past it.,discussion,r/television sidebar post - nuanced community discussion prompt about flawed-but-worthy shows,,
TV shows where the premise itself is just nonsensical?,discussion,r/television sidebar post - community prompt for absurd or logically broken show premises,,
What TV show do you think genuinely got better as it went on instead of declining?,discussion,r/television sidebar post - inverse of typical quality-decline discussion; invites counterexamples,,
What are the best second-tier series ever?,discussion,r/television sidebar post - community prompt defining and ranking non-prestige TV,,
Are there examples of shows where the good writing is let down by bad acting?,discussion,r/television sidebar post - community prompt about craft imbalance in television,,
Peeves was cast for the first movie but his scenes were cut and they didn't use him after that.,analysis,specific verifiable production history: Rik Mayall filmed Peeves scenes for Philosopher's Stone (2001) but they were cut; explains why Peeves is fan-favorite absent from all original films,,
Just found out the original actor for Peeves died a long time ago (another part of my childhood gone). With the tv show coming who would you want to play the poltergeist?,discussion,r/harrypotter sidebar post - community casting discussion prompt,,
Who in your opinion had the worst life in Harry Potter?,discussion,r/harrypotter sidebar post - open community opinion prompt about character fates,,
Peter Pettigrew - how did he end up with the Weasleys?,discussion,r/harrypotter sidebar post - community lore/discussion question inviting explanations,,
Has anybody watched the Poltergeist 2015 remake?,discussion,r/horror sidebar post - community prompt asking for watch experience and opinions,,
I'm concerned people may not know how brilliant The Peter Serafinowicz Show was.,discussion,r/BritishTV sidebar post - OP sharing appreciation and implicitly inviting community to weigh in,,
My opinion on hbo series,discussion,r/harrypotter sidebar post - opinion-sharing post inviting community discussion on the HBO Harry Potter adaptation,,
Nick Frost says some people won't like his Hagrid in new Harry Potter TV series,discussion,r/HarryPotteronHBO sidebar post - actor's self-aware comment inviting community to weigh in on casting,,